{"cameraMode":{"drawMode":0,"name":"Shaded","section":"Shading Mode"},"sceneLighting":true,"audioPlay":false,"sceneViewState":{"showFog":true,"showMaterialUpdate":false,"showSkybox":false,"showFlares":true,"showImageEffects":true,"showParticleSystems":true},"in2DMode":false,"pivot":{"x":-6.375447750091553,"y":0.039405643939971927,"z":-4.833635330200195},"rotation":{"x":-0.20003151893615724,"y":-0.20062704384326936,"z":0.04186983406543732,"w":-0.9581533074378967},"size":0.40263688564300539,"orthographic":false}